{
    "name": "Global Information",
    "numberOfRequests": {
        "total": 47,
        "ok": 47,
        "ko": 0
    },
    "minResponseTime": {
        "total": 349,
        "ok": 349,
        "ko": 0
    },
    "maxResponseTime": {
        "total": 11672,
        "ok": 11672,
        "ko": 0
    },
    "meanResponseTime": {
        "total": 3069,
        "ok": 3069,
        "ko": 0
    },
    "standardDeviation": {
        "total": 3629,
        "ok": 3629,
        "ko": 0
    },
    "percentiles1": {
        "total": 884,
        "ok": 884,
        "ko": 0
    },
    "percentiles2": {
        "total": 4352,
        "ok": 4352,
        "ko": 0
    },
    "percentiles3": {
        "total": 10868,
        "ok": 10868,
        "ko": 0
    },
    "percentiles4": {
        "total": 11577,
        "ok": 11577,
        "ko": 0
    },
    "group1": {
    "name": "t < 800 ms",
    "count": 22,
    "percentage": 47
},
    "group2": {
    "name": "800 ms < t < 1200 ms",
    "count": 3,
    "percentage": 6
},
    "group3": {
    "name": "t > 1200 ms",
    "count": 22,
    "percentage": 47
},
    "group4": {
    "name": "failed",
    "count": 0,
    "percentage": 0
},
    "meanNumberOfRequestsPerSecond": {
        "total": 1.5666666666666667,
        "ok": 1.5666666666666667,
        "ko": 0
    }
}